<?xml version="1.0"?>
<!--
###################################################
##PLL Frequency Det
###################################################
 -->
<block>
	<name>PLL Freq Det</name>
	<key>analog_pll_freqdet_cf</key>
	<import>from gnuradio import analog</import>
	<make>analog.pll_freqdet_cf($w, $max_freq, $min_freq)</make>
	<callback>set_loop_bandwidth($w)</callback>
	<callback>set_max_freq($max_freq)</callback>
	<callback>set_min_freq($min_freq)</callback>
	<param>
		<name>Loop Bandwidth</name>
		<key>w</key>
		<type>real</type>
	</param>
	<param>
		<name>Max Freq</name>
		<key>max_freq</key>
		<type>real</type>
	</param>
	<param>
		<name>Min Freq</name>
		<key>min_freq</key>
		<type>real</type>
	</param>
	<sink>
		<name>in</name>
		<type>complex</type>
	</sink>
	<source>
		<name>out</name>
		<type>float</type>
	</source>
</block>
