<?xml version="1.0"?>
<block>
  <name>Random Uniform Source</name>
  <key>analog_random_uniform_source_x</key>
  <import>from gnuradio import analog</import>
  <make>analog.random_uniform_source_$(type.fcn)($minimum, $maximum, $seed)</make>

  <param>
    <name>Output Type</name>
    <key>type</key>
    <type>enum</type>
    <option>
      <name>Int</name>
      <key>int</key>
      <opt>fcn:i</opt>
      <opt>offset_type:int</opt>
    </option>
    <option>
      <name>Short</name>
      <key>short</key>
      <opt>fcn:s</opt>
      <opt>offset_type:int</opt>
    </option>
    <option>
      <name>Byte</name>
      <key>byte</key>
      <opt>fcn:b</opt>
      <opt>offset_type:int</opt>
    </option>
  </param>

  <param>
    <name>Minimum</name>
    <key>minimum</key>
    <type>int</type>
  </param>

  <param>
    <name>Maximum</name>
    <key>maximum</key>
    <type>int</type>
  </param>

  <param>
    <name>Seed</name>
    <key>seed</key>
    <value>0</value>
    <type>int</type>
  </param>

  <source>
    <name>out</name>
    <type>$type</type>
  </source>
</block>
