<?xml version="1.0"?>
<!--
###################################################
##AGC
###################################################
 -->
<block>
	<name>AGC</name>
	<key>analog_agc_xx</key>
	<import>from gnuradio import analog</import>
	<make>analog.agc_$(type.fcn)($rate, $reference, $gain)
self.$(id).set_max_gain($max_gain)</make>
	<callback>set_rate($rate)</callback>
	<callback>set_reference($reference)</callback>
	<callback>set_gain($gain)</callback>
	<callback>set_max_gain($max_gain)</callback>
	<param>
		<name>Type</name>
		<key>type</key>
		<type>enum</type>
		<option>
			<name>Complex</name>
			<key>complex</key>
			<opt>fcn:cc</opt>
		</option>
		<option>
			<name>Float</name>
			<key>float</key>
			<opt>fcn:ff</opt>
		</option>
	</param>
	<param>
		<name>Rate</name>
		<key>rate</key>
		<value>1e-4</value>
		<type>real</type>
	</param>
	<param>
		<name>Reference</name>
		<key>reference</key>
		<value>1.0</value>
		<type>real</type>
	</param>
	<param>
		<name>Gain</name>
		<key>gain</key>
		<value>1.0</value>
		<type>real</type>
	</param>
	<param>
		<name>Max Gain</name>
		<key>max_gain</key>
		<value>65536</value>
		<type>real</type>
	</param>
	<sink>
		<name>in</name>
		<type>$type</type>
	</sink>
	<source>
		<name>out</name>
		<type>$type</type>
	</source>
</block>
