<?xml version="1.0"?>
<!--
###################################################
##AM Demod
###################################################
 -->
<block>
	<name>AM Demod</name>
	<key>analog_am_demod_cf</key>
	<import>from gnuradio import analog</import>
	<make>analog.am_demod_cf(
	channel_rate=$chan_rate,
	audio_decim=$audio_decim,
	audio_pass=$audio_pass,
	audio_stop=$audio_stop,
)</make>
	<param>
		<name>Channel Rate</name>
		<key>chan_rate</key>
		<type>real</type>
	</param>
	<param>
		<name>Audio Decimation</name>
		<key>audio_decim</key>
		<type>int</type>
	</param>
	<param>
		<name>Audio Pass</name>
		<key>audio_pass</key>
		<value>5000</value>
		<type>real</type>
	</param>
	<param>
		<name>Audio Stop</name>
		<key>audio_stop</key>
		<value>5500</value>
		<type>real</type>
	</param>
	<sink>
		<name>in</name>
		<type>complex</type>
	</sink>
	<source>
		<name>out</name>
		<type>float</type>
	</source>
</block>
