<?xml version="1.0"?>
<!--
###################################################
##Phase Modulator
###################################################
 -->
<block>
	<name>Phase Mod</name>
	<key>analog_phase_modulator_fc</key>
	<import>from gnuradio import analog</import>
	<make>analog.phase_modulator_fc($sensitivity)</make>
	<callback>set_sensitivity($sensitivity)</callback>
	<param>
		<name>Sensitivity</name>
		<key>sensitivity</key>
		<type>real</type>
	</param>
	<sink>
		<name>in</name>
		<type>float</type>
	</sink>
	<source>
		<name>out</name>
		<type>complex</type>
	</source>
</block>
