<?xml version="1.0"?>
<!--
###################################################
##Block Tree for uhd blocks.
###################################################
 -->
<cat>
	<name></name> <!-- Blank for Root Name -->
	<cat>
		<name>UHD</name>
		<cat>
			<name>RFNoC</name>
			<block>variable_uhd_device3</block>
			<block>uhd_rfnoc_streamer</block>
			<block>uhd_rfnoc_streamer_adder</block>
			<block>uhd_rfnoc_streamer_ddc</block>
			<block>uhd_rfnoc_streamer_duc</block>
			<block>uhd_rfnoc_streamer_fifo</block>
			<block>uhd_rfnoc_streamer_fft</block>
			<block>uhd_rfnoc_streamer_fir</block>
			<block>uhd_rfnoc_streamer_fosphor</block>
			<block>uhd_rfnoc_streamer_keep_one_in_n</block>
			<block>uhd_rfnoc_streamer_logpwr</block>
			<block>uhd_rfnoc_streamer_radio</block>
			<block>uhd_rfnoc_streamer_vector_iir</block>
			<block>uhd_rfnoc_streamer_window</block>
			<block>uhd_rfnoc_streamer_moving_avg</block>
			<block>uhd_rfnoc_split_stream</block>
			<block>uhd_rfnoc_fosphor_display</block>
			<block>uhd_rfnoc_ofdm_schmidlcox</block>
			<block>uhd_rfnoc_ofdm_eq</block>
			<block>uhd_rfnoc_ofdm_demap</block>
			<block>uhd_rfnoc_siggen</block>
			<block>uhd_rfnoc_dma_fifo</block>
			<block>uhd_rfnoc_digital_gain</block>
		</cat>
	</cat>
</cat>
