<?xml version="1.0"?>
<block>
  <name>RFNoC: Adder/Subtractor</name>
  <key>uhd_rfnoc_streamer_adder</key>
  <import>import ettus</import>
  <make>ettus.rfnoc_generic(
    self.device3,
    uhd.stream_args( \# TX Stream Args
        cpu_format="$type", \# TODO: This must be made an option
        otw_format="sc16",
        channels=(0,1),
        args="align=1",
    ),
    uhd.stream_args( \# RX Stream Args
        cpu_format="$type",
        otw_format="sc16",
        channels=(0,1),
        args="align=1",
    ),
    "AddSub", $block_index, $device_index,
)</make>

  <param>
    <name>Host Data Type</name>
    <key>type</key>
    <type>enum</type>
    <option>
      <name>Complex float32</name>
      <key>fc32</key>
      <opt>type:fc32</opt>
    </option>
    <option>
      <name>Complex int16</name>
      <key>sc16</key>
      <opt>type:sc16</opt>
    </option>
  </param>

  <param>
    <name>AddSub Select</name>
    <key>block_index</key>
    <value>-1</value>
    <type>int</type>
    <hide>#if int($block_index()) &lt; 0 then 'part' else 'none'#</hide>
    <tab>RFNoC Config</tab>
  </param>
  <param>
    <name>Device Select</name>
    <key>device_index</key>
    <value>-1</value>
    <type>int</type>
    <hide>#if int($device_index()) &lt; 0 then 'part' else 'none'#</hide>
    <tab>RFNoC Config</tab>
  </param>

  <param>
    <name>FPGA Module Name</name>
    <key>fpga_module_name</key>
    <value>noc_block_addsub</value>
    <type>string</type>
    <hide>all</hide>
    <tab>RFNoC Config</tab>
  </param>

  <sink>
    <name>in</name>
    <type>$type.type</type>
    <domain>rfnoc</domain>
    <nports>2</nports>
  </sink>

  <source>
    <name>sum</name>
    <type>$type.type</type>
    <domain>rfnoc</domain>
  </source>
  <source>
    <name>diff</name>
    <type>$type.type</type>
    <domain>rfnoc</domain>
    <optional>1</optional>
  </source>
</block>
