<?xml version="1.0"?>
<block>
  <name>RFNoC: FIR</name>
  <key>uhd_rfnoc_streamer_fir</key>
  <import>import ettus</import>
  <make>ettus.rfnoc_fir_cci(
    $taps,
    self.device3,
    #if $block_index()
    ${block_index},
    #else
    -1,
    #end if
    #if $device_index()
    ${device_index},
    #else
    -1,
    #end if
)
\# Set them twice just in case:
self.$(id).set_taps($taps)</make>
  <callback>set_taps($taps)</callback>

  <param>
    <name>Filter Taps</name>
    <key>taps</key>
    <value>[158,526,33,-445,-256,553,573,-542,-1012,349,1536,123,-2097,-1012,2633,2608,-3077,-5946,3370,20513,29295,20513,3370,-5946,-3077,2608,2633,-1012,-2097,123,1536,349,-1012,-542,573,553,-256,-445,33,526,158]</value>
    <type>int_vector</type>
  </param>

  <param>
    <name>FIR Select</name>
    <key>block_index</key>
    <value>-1</value>
    <type>int</type>
    <hide>#if int($block_index()) &lt; 0 then 'part' else 'none'#</hide>
    <tab>RFNoC Config</tab>
  </param>

  <param>
    <name>Device Select</name>
    <key>device_index</key>
    <value>-1</value>
    <type>int</type>
    <hide>#if int($device_index()) &lt; 0 then 'part' else 'none'#</hide>
    <tab>RFNoC Config</tab>
  </param>

  <param>
    <name>FPGA Module Name</name>
    <key>fpga_module_name</key>
    <value>noc_block_fir_filter</value>
    <type>string</type>
    <hide>all</hide>
    <tab>RFNoC Config</tab>
  </param>

  <sink>
    <name>in</name>
    <type>complex</type>
    <domain>rfnoc</domain>
  </sink>

  <source>
    <name>out</name>
    <type>complex</type>
    <domain>rfnoc</domain>
  </source>
</block>
