<?xml version="1.0"?>
<block>
  <name>RFNoC: fosphor</name>
  <key>uhd_rfnoc_streamer_fosphor</key>
  <import>import ettus</import>
  <make>ettus.rfnoc_fosphor_c(
    $fft_size,
    self.device3,
    #if $block_index()
    ${block_index},
    #else
    -1,
    #end if
    #if $device_index()
    ${device_index},
    #else
    -1,
    #end if
)
self.$(id).set_arg("enable", 3 if ($wf_mode >= 0) else 1)
self.$(id).set_arg("decim", $hist_decim)
self.$(id).set_arg("offset", $offset)
self.$(id).set_arg("scale", $scale)
self.$(id).set_arg("trise", $trise)
self.$(id).set_arg("tdecay", $tdecay)
self.$(id).set_arg("alpha", $alpha)
self.$(id).set_arg("epsilon", $epsilon)
self.$(id).set_arg("wf_ctrl", {0:0x00, 1:0x81, 2:0x82, 3:0x83}.get($wf_mode, 0))
self.$(id).set_arg("wf_decim", {0:$wf_decim, 1:8, 2:64, 3:256}.get($wf_mode, 16))
</make>

  <callback>set_arg("decim", $hist_decim)</callback>
  <callback>set_arg("offset", $offset)</callback>
  <callback>set_arg("scale", $scale)</callback>
  <callback>set_arg("trise", $trise)</callback>
  <callback>set_arg("tdecay", $tdecay)</callback>
  <callback>set_arg("alpha", $alpha)</callback>
  <callback>set_arg("epsilon", $epsilon)</callback>
  <callback>set_arg("wf_ctrl", {0:0x00, 1:0x81, 2:0x82, 3:0x83}.get($wf_mode, 0))</callback>
  <callback>set_arg("wf_decim", {0:$wf_decim, 1:8, 2:64, 3:256}.get($wf_mode, 16))</callback>

  <param>
    <name>FFT Size</name>
    <key>fft_size</key>
    <value>fft_size</value>
    <type>int</type>
  </param>
  <param>
    <name>Histo Decimation</name>
    <key>hist_decim</key>
    <value>max(2, int(samp_rate / (15 * 64 * fft_size)))</value>
    <type>int</type>
  </param>
  <param>
   <name>Waterfall mode</name>
   <key>wf_mode</key>
   <type>enum</type>
   <option>
     <name>Disabled</name>
     <key>-1</key>
   </option>
   <option>
     <name>Max Hold</name>
     <key>0</key>
   </option>
   <option>
     <name>Average 1:8</name>
     <key>1</key>
   </option>
   <option>
     <name>Average 1:64</name>
     <key>2</key>
   </option>
   <option>
     <name>Average 1:256</name>
     <key>3</key>
   </option>
  </param>
  <param>
    <name>Waterfall Decimation</name>
    <key>wf_decim</key>
    <value>16</value>
    <type>int</type>
    <hide>#if str($wf_mode) == '0' then 'none' else 'all'#</hide>
  </param>

  <param>
    <name>Histo Offset</name>
    <key>offset</key>
    <value>0</value>
    <type>int</type>
    <hide>part</hide>
    <tab>Advanced</tab>
  </param>
  <param>
    <name>Histo Scale</name>
    <key>scale</key>
    <value>256</value>
    <type>int</type>
    <hide>part</hide>
    <tab>Advanced</tab>
  </param>
  <param>
    <name>Histo Rise Time</name>
    <key>trise</key>
    <value>4096</value>
    <type>int</type>
    <hide>part</hide>
    <tab>Advanced</tab>
  </param>
  <param>
    <name>Histo Decay Time</name>
    <key>tdecay</key>
    <value>16384</value>
    <type>int</type>
    <hide>part</hide>
    <tab>Advanced</tab>
  </param>
  <param>
    <name>Average Alpha</name>
    <key>alpha</key>
    <value>65280</value>
    <type>int</type>
    <hide>part</hide>
    <tab>Advanced</tab>
  </param>
  <param>
    <name>MaxHold Decay</name>
    <key>epsilon</key>
    <value>1</value>
    <type>int</type>
    <hide>part</hide>
    <tab>Advanced</tab>
  </param>

  <param>
    <name>fopshor Select</name>
    <key>block_index</key>
    <value>-1</value>
    <type>int</type>
    <hide>#if int($block_index()) &lt; 0 then 'part' else 'none'#</hide>
    <tab>RFNoC Config</tab>
  </param>
  <param>
    <name>Device Select</name>
    <key>device_index</key>
    <value>-1</value>
    <type>int</type>
    <hide>#if int($device_index()) &lt; 0 then 'part' else 'none'#</hide>
    <tab>RFNoC Config</tab>
  </param>

  <param>
    <name>FPGA Module Name</name>
    <key>fpga_module_name</key>
    <value>noc_block_fosphor</value>
    <type>string</type>
    <hide>all</hide>
    <tab>RFNoC Config</tab>
  </param>

  <sink>
    <name>in</name>
    <type>fc32</type>
    <vlen>$fft_size</vlen>
    <domain>rfnoc</domain>
  </sink>

  <sink>
    <name>cfg</name>
    <type>message</type>
    <optional>1</optional>
  </sink>

  <source>
    <name>out_hist</name>
    <type>byte</type>
    <vlen>$fft_size</vlen>
    <domain>rfnoc</domain>
  </source>

  <source>
    <name>out_wf</name>
    <type>byte</type>
    <vlen>$fft_size</vlen>
    <domain>rfnoc</domain>
    <optional>1</optional>
    <hide>#if str($wf_mode) == '-1' then 'True' else 'False'#</hide>
  </source>
</block>
