<?xml version="1.0"?>
<block>
  <name>RFNoC: DUC</name>
  <key>uhd_rfnoc_streamer_duc</key>
  <import>import ettus</import>
  <make>ettus.rfnoc_generic(
    self.device3,
    uhd.stream_args( \# TX Stream Args
        cpu_format="fc32", \# TODO: This must be made an option
        otw_format="sc16",
        args="input_rate={},output_rate={},fullscale={},freq={}".format($input_rate, $output_rate, $fullscale, $freq),
    ),
    uhd.stream_args( \# RX Stream Args
        cpu_format="fc32", \# TODO: This must be made an option
        otw_format="sc16",
        args="",
    ),
    "DUC", $block_index, $device_index,
)</make>
  <callback>set_arg("freq", $freq)</callback>
  <callback>set_arg("input_rate", $input_rate)</callback>
  <callback>set_arg("output_rate", $output_rate)</callback>

  <param>
    <name>Input Rate</name>
    <key>input_rate</key>
    <value>samp_rate</value>
    <type>real</type>
  </param>
  <param>
    <name>Output Rate</name>
    <key>output_rate</key>
    <value>decim_rate</value>
    <type>real</type>
  </param>
  <param>
    <name>Frequency (CORDIC)</name>
    <key>freq</key>
    <value>0.0</value>
    <type>real</type>
  </param>

  <param>
    <name>Full scale</name>
    <key>fullscale</key>
    <value>1.0</value>
    <type>real</type>
    <hide>part</hide>
    <tab>Advanced</tab>
  </param>

  <param>
    <name>Block Select</name>
    <key>block_index</key>
    <value>-1</value>
    <type>int</type>
    <hide>#if int($block_index()) &lt; 0 then 'part' else 'none'#</hide>
    <tab>RFNoC Config</tab>
  </param>
  <param>
    <name>Device Select</name>
    <key>device_index</key>
    <value>-1</value>
    <type>int</type>
    <hide>#if int($device_index()) &lt; 0 then 'part' else 'none'#</hide>
    <tab>RFNoC Config</tab>
  </param>

  <param>
    <name>FPGA Module Name</name>
    <key>fpga_module_name</key>
    <value>noc_block_duc</value>
    <type>string</type>
    <hide>all</hide>
    <tab>RFNoC Config</tab>
  </param>

  <check>$output_rate &gt;= $input_rate</check>
  <check>$output_rate &lt;= $input_rate*512</check>

  <sink>
    <name>in</name>
    <type>complex</type>
    <domain>rfnoc</domain>
  </sink>

  <source>
    <name>out</name>
    <type>complex</type>
    <domain>rfnoc</domain>
  </source>
</block>
