<?xml version="1.0"?>
<block>
 <name>RFNoC QT fosphor display</name>
 <key>uhd_rfnoc_fosphor_display</key>
 <import>from PyQt4 import Qt</import>
 <import>import sip</import>
 <import>import ettus</import>
 <make>#set $win = 'self._%s_win'%$id
ettus.fosphor_display($fft_bins, $pwr_bins, $wf_lines)
self.$(id).set_frame_rate($frame_rate)
self.$(id).set_frequency_range($center_freq, $samp_rate)
self.$(id).set_waterfall($wf_enabled)
self.$(id).set_grid($grid_enabled)
self.$(id).set_palette("$palette")
self._$(id)_win = sip.wrapinstance(self.$(id).pyqwidget(), Qt.QWidget)
$(gui_hint()($win))</make>
 <callback>set_frequency_range($center_freq, $samp_rate)</callback>
 <param>
  <name>Center Frequency</name>
  <key>center_freq</key>
  <value>0</value>
  <type>real</type>
 </param>
 <param>
  <name>Sample Rate</name>
  <key>samp_rate</key>
  <value>samp_rate</value>
  <type>real</type>
 </param>
 <param>
  <name>FFT bins</name>
  <key>fft_bins</key>
  <value>1024</value>
  <type>int</type>
 </param>
 <param>
  <name>Power bins</name>
  <key>pwr_bins</key>
  <value>64</value>
  <type>int</type>
 </param>
 <param>
  <name>Waterfall</name>
  <key>wf_enabled</key>
  <type>enum</type>
  <option>
    <name>Enabled</name>
    <key>True</key>
  </option>
  <option>
    <name>Disabled</name>
    <key>False</key>
  </option>
 </param>
 <param>
  <name>Waterfall history</name>
  <key>wf_lines</key>
  <value>512</value>
  <type>int</type>
  <hide>#if str($wf_enabled) == 'False' then 'all' else 'none'#</hide>
 </param>
 <param>
  <name>Grid</name>
  <key>grid_enabled</key>
  <type>enum</type>
  <option>
    <name>Enabled</name>
    <key>True</key>
  </option>
  <option>
    <name>Disabled</name>
    <key>False</key>
  </option>
 </param>
 <param>
  <name>Color Palette</name>
  <key>palette</key>
  <type>enum</type>
  <option>
    <name>Iron</name>
    <key>iron</key>
  </option>
  <option>
    <name>Cube Helix</name>
    <key>cubehelix</key>
  </option>
  <option>
    <name>SDRangelove</name>
    <key>sdrangelove_histogram</key>
  </option>
  <option>
    <name>Rainbow</name>
    <key>rainbow</key>
  </option>
  <option>
    <name>prog's</name>
    <key>prog</key>
  </option>
 </param>
 <param>
  <name>Target Frame Rate</name>
  <key>frame_rate</key>
  <value>30</value>
  <type>int</type>
 </param>
 <param>
  <name>GUI Hint</name>
  <key>gui_hint</key>
  <value></value>
  <type>gui_hint</type>
  <hide>part</hide>
 </param>
 <sink>
  <name>in_hist</name>
  <type>byte</type>
  <vlen>$fft_bins</vlen>
 </sink>
 <sink>
  <name>in_wf</name>
  <type>byte</type>
  <vlen>$fft_bins</vlen>
  <optional>1</optional>
  <hide>#if str($wf_enabled) == 'False' then 'True' else 'False'#</hide>
 </sink>
 <source>
  <name>cfg</name>
  <type>message</type>
  <optional>1</optional>
 </source>
 <doc>
The GUI hint can be used to position the widget within the application. \
The hint is of the form [tab_id@tab_index]: [row, col, row_span, col_span]. \
Both the tab specification and the grid position are optional.
 </doc>
</block>

