<?xml version="1.0"?>
<block>
  <name>RFNoC: Keep 1 in N</name>
  <key>uhd_rfnoc_streamer_keep_one_in_n</key>
  <import>import ettus</import>
  <make>ettus.rfnoc_generic(
    self.device3,
    uhd.stream_args( \# TX Stream Args
        cpu_format="fc32", \# TODO: This must be made an option
        otw_format="sc16",
        args="n="+str($n),
    ),
    uhd.stream_args( \# RX Stream Args
        cpu_format="fc32", \# TODO: This must be made an option
        otw_format="sc16",
        args="",
    ),
    "KeepOneInN", $block_index, $device_index,
)
</make>

  <param>
    <name>N</name>
    <key>n</key>
    <value>100</value>
    <type>int</type>
  </param>

  <param>
	  <name>Vector Length</name>
	  <key>vlen</key>
	  <value>256</value>
	  <type>int</type>
  </param>

  <param>
    <name>Keep 1 in N Select</name>
    <key>block_index</key>
    <value>-1</value>
    <type>int</type>
    <hide>#if int($block_index()) &lt; 0 then 'part' else 'none'#</hide>
    <tab>RFNoC Config</tab>
  </param>
  <param>
    <name>Device Select</name>
    <key>device_index</key>
    <value>-1</value>
    <type>int</type>
    <hide>#if int($device_index()) &lt; 0 then 'part' else 'none'#</hide>
    <tab>RFNoC Config</tab>
  </param>

  <param>
    <name>FPGA Module Name</name>
    <key>fpga_module_name</key>
    <value>noc_block_keep_one_in_n</value>
    <type>string</type>
    <hide>all</hide>
    <tab>RFNoC Config</tab>
  </param>

  <check>($vlen &gt; 0 and $vlen &lt;= 4096)</check>

  <sink>
    <name>in</name>
    <type>complex</type>
    <vlen>$vlen</vlen>
    <domain>rfnoc</domain>
  </sink>

  <sink>
    <name>rfnoc</name>
    <type>message</type>
    <optional>1</optional>
  </sink>

  <source>
    <name>out</name>
    <type>complex</type>
    <domain>rfnoc</domain>
  </source>
</block>
