<?xml version="1.0"?>
<block>
  <name>RFNoC: Moving Average</name>
  <key>uhd_rfnoc_streamer_moving_avg</key>
  <import>import ettus</import>
  <make>ettus.rfnoc_generic(
    self.device3,
    uhd.stream_args( \# TX Stream Args
        cpu_format="fc32", \# TODO: This must be made an option
        otw_format="sc16",
        args="",
    ),
    uhd.stream_args( \# RX Stream Args
        cpu_format="fc32", \# TODO: This must be made an option
        otw_format="sc16",
        args="",
    ),
    "MovingAverage", $block_index, $device_index,
)
self.$(id).set_arg("length", $length)
  </make>
  <callback>set_arg("length", $length)</callback>

  <param>
    <name>Average length</name>
    <key>length</key>
    <value>10</value>
    <type>int</type>
  </param>
  <param>
    <name>Block Select</name>
    <key>block_index</key>
    <value>-1</value>
    <type>int</type>
    <hide>#if int($block_index()) &lt; 0 then 'part' else 'none'#</hide>
    <tab>RFNoC Config</tab>
  </param>
  <param>
    <name>Device Select</name>
    <key>device_index</key>
    <value>-1</value>
    <type>int</type>
    <hide>#if int($device_index()) &lt; 0 then 'part' else 'none'#</hide>
    <tab>RFNoC Config</tab>
  </param>

  <param>
    <name>FPGA Module Name</name>
    <key>fpga_module_name</key>
    <value>noc_block_moving_avg</value>
    <type>string</type>
    <hide>all</hide>
    <tab>RFNoC Config</tab>
  </param>

  <check>$length in range(1, 256)</check>

  <sink>
    <name>in</name>
    <type>complex</type>
    <domain>rfnoc</domain>
  </sink>

  <sink>
    <name>rfnoc</name>
    <type>message</type>
    <optional>1</optional>
  </sink>

  <source>
    <name>out</name>
    <type>complex</type>
    <domain>rfnoc</domain>
  </source>
</block>
