<?xml version="1.0"?>
<block>
  <name>RFNoC: OFDM Equalizer</name>
  <key>uhd_rfnoc_ofdm_eq</key>
  <import>import ettus</import>
  <make>ettus.rfnoc_generic(
    self.device3,
    uhd.stream_args( \# TX Stream Args
        cpu_format="fc32", \# TODO: This must be made an option
        otw_format="sc16",
        args="",
    ),
    uhd.stream_args( \# RX Stream Args
        cpu_format="fc32", \# TODO: This must be made an option
        otw_format="sc16",
        args="",
    ),
    "OFDMEq", $block_index, $device_index,
)</make>

  <param>
    <name>FFT Size</name>
    <key>fft_size</key>
    <value>64</value>
    <type>int</type>
    <option>
      <name>8</name>
      <key>8</key>
    </option>
    <option>
      <name>16</name>
      <key>16</key>
    </option>
    <option>
      <name>32</name>
      <key>32</key>
    </option>
    <option>
      <name>64</name>
      <key>64</key>
    </option>
    <option>
      <name>128</name>
      <key>128</key>
    </option>
    <option>
      <name>256</name>
      <key>256</key>
    </option>
    <option>
      <name>512</name>
      <key>512</key>
    </option>
    <option>
      <name>1024</name>
      <key>1024</key>
    </option>
    <option>
      <name>2048</name>
      <key>2048</key>
    </option>
    <option>
      <name>4096</name>
      <key>4096</key>
    </option>
  </param>

  <param>
    <name>Block Select</name>
    <key>block_index</key>
    <value>-1</value>
    <type>int</type>
    <hide>#if int($block_index()) &lt; 0 then 'part' else 'none'#</hide>
    <tab>RFNoC Config</tab>
  </param>
  <param>
    <name>Device Select</name>
    <key>device_index</key>
    <value>-1</value>
    <type>int</type>
    <hide>#if int($device_index()) &lt; 0 then 'part' else 'none'#</hide>
    <tab>RFNoC Config</tab>
  </param>

  <param>
    <name>FPGA Module Name</name>
    <key>fpga_module_name</key>
    <value>noc_block_ofdmequ</value>
    <type>string</type>
    <hide>all</hide>
    <tab>RFNoC Config</tab>
  </param>

 <check>$fft_size in [2**n for n in xrange(3, 11)]</check>

  <sink>
    <name>in</name>
    <type>complex</type>
    <vlen>$fft_size</vlen>
    <domain>rfnoc</domain>
  </sink>

  <source>
    <name>out</name>
    <type>complex</type>
    <vlen>$fft_size</vlen>
    <domain>rfnoc</domain>
  </source>
</block>
